<?xml version="1.0" encoding="UTF-8" ?>
<!DOCTYPE mapper
        PUBLIC "-//mybatis.org//DTD Mapper 3.0//EN"
        "http://mybatis.org/dtd/mybatis-3-mapper.dtd">
<mapper namespace="com.xyp.ujsweb.mapper.UserMapper">
    <resultMap id="UserResultMap" type="User">
        <result column="pk_user_name" property="userName"/>
        <result column="telephone_number" property="telephoneNumber"/>
    </resultMap>
    <!--根据用户名查询用户-->
    <select id="selectUserByUserName" resultType="User" resultMap="UserResultMap">
    select * from ujs_user where pk_user_name = #{userName}
  </select>
    <!--根据邮箱查询用户-->
    <select id="selectUserByEmail" resultType="User" resultMap="UserResultMap">
    select * from ujs_user where email= #{email}
  </select>
    <!--根据电话号码查询用户-->
    <select id="selectUserByTelephoneNumber" resultType="User" resultMap="UserResultMap">
    select * from ujs_user where telephone_number = #{telephoneNumber}
  </select>
    <!--查找出所有user-->
    <select id="selectAllUsers" resultType="User" resultMap="UserResultMap">
    select * from ujs_user
  </select>
    <!--根据用户名，删除指定用户-->
    <delete id="deleteUserByUserName" parameterType="String">
    DELETE FROM ujs_user WHERE pk_user_name=#{userName}
    </delete>
    <!--插入用户-->
    <insert id="insertUser" parameterType="User">
    INSERT INTO ujs_user ( pk_user_name,gender,birthday, PASSWORD, email, telephone_number )
    VALUES( #{userName},#{gender},#{birthday} ,#{password}, #{email}, #{telephoneNumber} )
    </insert>
    <!--根据用户名，指定用户，更新用户信息-->
    <update id="updateUserByUserName" parameterType="User">
        UPDATE ujs_user
            SET
            gender = #{gender},
            birthday = #{birthday},
            PASSWORD = #{password},
            email = #{email},
            telephone_number = #{telephoneNumber}
        WHERE
            pk_user_name = #{userName}
    </update>
</mapper>